-- MySQL Script generated by MySQL Workbench
-- Mon Apr  5 21:00:52 2021
-- Model: New Model    Version: 1.0
-- MySQL Workbench Forward Engineering

SET @OLD_UNIQUE_CHECKS=@@UNIQUE_CHECKS, UNIQUE_CHECKS=0;
SET @OLD_FOREIGN_KEY_CHECKS=@@FOREIGN_KEY_CHECKS, FOREIGN_KEY_CHECKS=0;
SET @OLD_SQL_MODE=@@SQL_MODE, SQL_MODE='ONLY_FULL_GROUP_BY,STRICT_TRANS_TABLES,NO_ZERO_IN_DATE,NO_ZERO_DATE,ERROR_FOR_DIVISION_BY_ZERO,NO_ENGINE_SUBSTITUTION';

-- -----------------------------------------------------
-- Schema trabbd7_ex2
-- -----------------------------------------------------

-- -----------------------------------------------------
-- Schema trabbd7_ex2
-- -----------------------------------------------------
CREATE SCHEMA IF NOT EXISTS `trabbd7_ex2` DEFAULT CHARACTER SET utf8 ;
USE `trabbd7_ex2` ;

-- -----------------------------------------------------
-- Table `trabbd7_ex2`.`Produto`
-- -----------------------------------------------------
CREATE TABLE IF NOT EXISTS `trabbd7_ex2`.`Produto` (
  `codPro` INT NOT NULL AUTO_INCREMENT,
  `nomePro` VARCHAR(45) NOT NULL,
  `precoVenda` FLOAT NOT NULL,
  `precoCusto` VARCHAR(45) NOT NULL,
  PRIMARY KEY (`codPro`),
  UNIQUE INDEX `idProduto_UNIQUE` (`codPro` ASC) VISIBLE)
ENGINE = InnoDB;


-- -----------------------------------------------------
-- Table `trabbd7_ex2`.`NotaCompra`
-- -----------------------------------------------------
CREATE TABLE IF NOT EXISTS `trabbd7_ex2`.`NotaCompra` (
  `nroCompra` INT NOT NULL AUTO_INCREMENT,
  `dataCompra` DATE NOT NULL,
  `totalNota` FLOAT NOT NULL,
  PRIMARY KEY (`nroCompra`),
  UNIQUE INDEX `idNotaCompra_UNIQUE` (`nroCompra` ASC) VISIBLE)
ENGINE = InnoDB;


-- -----------------------------------------------------
-- Table `trabbd7_ex2`.`ItemCompra`
-- -----------------------------------------------------
CREATE TABLE IF NOT EXISTS `trabbd7_ex2`.`ItemCompra` (
  `idItemCompra` INT NOT NULL AUTO_INCREMENT,
  `quantidadeCompra` INT NOT NULL,
  `valorCompra` FLOAT NOT NULL,
  `Produto_codPro` INT NOT NULL,
  `NotaCompra_nroCompra` INT NOT NULL,
  PRIMARY KEY (`idItemCompra`),
  UNIQUE INDEX `nroCompra_UNIQUE` (`idItemCompra` ASC) VISIBLE,
  INDEX `fk_ItemCompra_Produto_idx` (`Produto_codPro` ASC) VISIBLE,
  INDEX `fk_ItemCompra_NotaCompra1_idx` (`NotaCompra_nroCompra` ASC) VISIBLE,
  CONSTRAINT `fk_ItemCompra_Produto`
    FOREIGN KEY (`Produto_codPro`)
    REFERENCES `trabbd7_ex2`.`Produto` (`codPro`)
    ON DELETE NO ACTION
    ON UPDATE NO ACTION,
  CONSTRAINT `fk_ItemCompra_NotaCompra1`
    FOREIGN KEY (`NotaCompra_nroCompra`)
    REFERENCES `trabbd7_ex2`.`NotaCompra` (`nroCompra`)
    ON DELETE NO ACTION
    ON UPDATE NO ACTION)
ENGINE = InnoDB;


-- -----------------------------------------------------
-- Table `trabbd7_ex2`.`Cliente`
-- -----------------------------------------------------
CREATE TABLE IF NOT EXISTS `trabbd7_ex2`.`Cliente` (
  `codCliente` INT NOT NULL AUTO_INCREMENT,
  `nomeCliente` VARCHAR(45) NOT NULL,
  PRIMARY KEY (`codCliente`),
  UNIQUE INDEX `codCliente_UNIQUE` (`codCliente` ASC) VISIBLE)
ENGINE = InnoDB;


-- -----------------------------------------------------
-- Table `trabbd7_ex2`.`NotaVenda`
-- -----------------------------------------------------
CREATE TABLE IF NOT EXISTS `trabbd7_ex2`.`NotaVenda` (
  `nroVenda` INT NOT NULL AUTO_INCREMENT,
  `dataVenda` DATE NOT NULL,
  `totalVenda` FLOAT NOT NULL,
  `Cliente_codCliente` INT NOT NULL,
  INDEX `fk_NotaVenda_Cliente1_idx` (`Cliente_codCliente` ASC) VISIBLE,
  PRIMARY KEY (`nroVenda`),
  UNIQUE INDEX `idNotaVenda_UNIQUE` (`nroVenda` ASC) VISIBLE,
  CONSTRAINT `fk_NotaVenda_Cliente1`
    FOREIGN KEY (`Cliente_codCliente`)
    REFERENCES `trabbd7_ex2`.`Cliente` (`codCliente`)
    ON DELETE NO ACTION
    ON UPDATE NO ACTION)
ENGINE = InnoDB;


-- -----------------------------------------------------
-- Table `trabbd7_ex2`.`ItemVenda`
-- -----------------------------------------------------
CREATE TABLE IF NOT EXISTS `trabbd7_ex2`.`ItemVenda` (
  `idItemVenda` INT NOT NULL AUTO_INCREMENT,
  `quantidadeVenda` INT NOT NULL,
  `valorVenda` VARCHAR(45) NOT NULL,
  `Produto_codPro` INT NOT NULL,
  `NotaVenda_nroVenda` INT NOT NULL,
  PRIMARY KEY (`idItemVenda`),
  UNIQUE INDEX `nroVenda_UNIQUE` (`idItemVenda` ASC) VISIBLE,
  INDEX `fk_ItemVenda_Produto1_idx` (`Produto_codPro` ASC) VISIBLE,
  INDEX `fk_ItemVenda_NotaVenda1_idx` (`NotaVenda_nroVenda` ASC) VISIBLE,
  CONSTRAINT `fk_ItemVenda_Produto1`
    FOREIGN KEY (`Produto_codPro`)
    REFERENCES `trabbd7_ex2`.`Produto` (`codPro`)
    ON DELETE NO ACTION
    ON UPDATE NO ACTION,
  CONSTRAINT `fk_ItemVenda_NotaVenda1`
    FOREIGN KEY (`NotaVenda_nroVenda`)
    REFERENCES `trabbd7_ex2`.`NotaVenda` (`nroVenda`)
    ON DELETE NO ACTION
    ON UPDATE NO ACTION)
ENGINE = InnoDB;


SET SQL_MODE=@OLD_SQL_MODE;
SET FOREIGN_KEY_CHECKS=@OLD_FOREIGN_KEY_CHECKS;
SET UNIQUE_CHECKS=@OLD_UNIQUE_CHECKS;

-- -----------------------------------------------------
-- Data for table `trabbd7_ex2`.`NotaCompra`
-- -----------------------------------------------------
START TRANSACTION;
USE `trabbd7_ex2`;
INSERT INTO `trabbd7_ex2`.`NotaCompra` (`nroCompra`, `dataCompra`, `totalNota`) VALUES (1, '2020-10-01', 36910);
INSERT INTO `trabbd7_ex2`.`NotaCompra` (`nroCompra`, `dataCompra`, `totalNota`) VALUES (2, '2020-03-20', 575968);
INSERT INTO `trabbd7_ex2`.`NotaCompra` (`nroCompra`, `dataCompra`, `totalNota`) VALUES (3, '2021-06-12', 65979);
INSERT INTO `trabbd7_ex2`.`NotaCompra` (`nroCompra`, `dataCompra`, `totalNota`) VALUES (4, '2021-04-25', 27570);
INSERT INTO `trabbd7_ex2`.`NotaCompra` (`nroCompra`, `dataCompra`, `totalNota`) VALUES (5, '2021-04-25', 8970);

COMMIT;


-- -----------------------------------------------------
-- Data for table `trabbd7_ex2`.`ItemCompra`
-- -----------------------------------------------------
START TRANSACTION;
USE `trabbd7_ex2`;
INSERT INTO `trabbd7_ex2`.`ItemCompra` (`idItemCompra`, `quantidadeCompra`, `valorCompra`, `Produto_codPro`, `NotaCompra_nroCompra`) VALUES (1, DEFAULT, DEFAULT, DEFAULT, 1);
INSERT INTO `trabbd7_ex2`.`ItemCompra` (`idItemCompra`, `quantidadeCompra`, `valorCompra`, `Produto_codPro`, `NotaCompra_nroCompra`) VALUES (2, DEFAULT, DEFAULT, DEFAULT, 1);
INSERT INTO `trabbd7_ex2`.`ItemCompra` (`idItemCompra`, `quantidadeCompra`, `valorCompra`, `Produto_codPro`, `NotaCompra_nroCompra`) VALUES (3, DEFAULT, DEFAULT, DEFAULT, 1);
INSERT INTO `trabbd7_ex2`.`ItemCompra` (`idItemCompra`, `quantidadeCompra`, `valorCompra`, `Produto_codPro`, `NotaCompra_nroCompra`) VALUES (4, DEFAULT, DEFAULT, DEFAULT, 2);
INSERT INTO `trabbd7_ex2`.`ItemCompra` (`idItemCompra`, `quantidadeCompra`, `valorCompra`, `Produto_codPro`, `NotaCompra_nroCompra`) VALUES (5, DEFAULT, DEFAULT, DEFAULT, 2);
INSERT INTO `trabbd7_ex2`.`ItemCompra` (`idItemCompra`, `quantidadeCompra`, `valorCompra`, `Produto_codPro`, `NotaCompra_nroCompra`) VALUES (6, DEFAULT, DEFAULT, DEFAULT, 2);
INSERT INTO `trabbd7_ex2`.`ItemCompra` (`idItemCompra`, `quantidadeCompra`, `valorCompra`, `Produto_codPro`, `NotaCompra_nroCompra`) VALUES (7, DEFAULT, DEFAULT, DEFAULT, 3);
INSERT INTO `trabbd7_ex2`.`ItemCompra` (`idItemCompra`, `quantidadeCompra`, `valorCompra`, `Produto_codPro`, `NotaCompra_nroCompra`) VALUES (8, DEFAULT, DEFAULT, DEFAULT, 3);
INSERT INTO `trabbd7_ex2`.`ItemCompra` (`idItemCompra`, `quantidadeCompra`, `valorCompra`, `Produto_codPro`, `NotaCompra_nroCompra`) VALUES (9, DEFAULT, DEFAULT, DEFAULT, 3);
INSERT INTO `trabbd7_ex2`.`ItemCompra` (`idItemCompra`, `quantidadeCompra`, `valorCompra`, `Produto_codPro`, `NotaCompra_nroCompra`) VALUES (10, DEFAULT, DEFAULT, DEFAULT, 4);
INSERT INTO `trabbd7_ex2`.`ItemCompra` (`idItemCompra`, `quantidadeCompra`, `valorCompra`, `Produto_codPro`, `NotaCompra_nroCompra`) VALUES (11, DEFAULT, DEFAULT, DEFAULT, 4);
INSERT INTO `trabbd7_ex2`.`ItemCompra` (`idItemCompra`, `quantidadeCompra`, `valorCompra`, `Produto_codPro`, `NotaCompra_nroCompra`) VALUES (12, DEFAULT, DEFAULT, DEFAULT, 4);
INSERT INTO `trabbd7_ex2`.`ItemCompra` (`idItemCompra`, `quantidadeCompra`, `valorCompra`, `Produto_codPro`, `NotaCompra_nroCompra`) VALUES (13, DEFAULT, DEFAULT, DEFAULT, 5);
INSERT INTO `trabbd7_ex2`.`ItemCompra` (`idItemCompra`, `quantidadeCompra`, `valorCompra`, `Produto_codPro`, `NotaCompra_nroCompra`) VALUES (14, DEFAULT, DEFAULT, DEFAULT, 5);
INSERT INTO `trabbd7_ex2`.`ItemCompra` (`idItemCompra`, `quantidadeCompra`, `valorCompra`, `Produto_codPro`, `NotaCompra_nroCompra`) VALUES (15, DEFAULT, DEFAULT, DEFAULT, 5);

COMMIT;


-- -----------------------------------------------------
-- Data for table `trabbd7_ex2`.`NotaVenda`
-- -----------------------------------------------------
START TRANSACTION;
USE `trabbd7_ex2`;
INSERT INTO `trabbd7_ex2`.`NotaVenda` (`nroVenda`, `dataVenda`, `totalVenda`, `Cliente_codCliente`) VALUES (1, DEFAULT, 95.88, DEFAULT);
INSERT INTO `trabbd7_ex2`.`NotaVenda` (`nroVenda`, `dataVenda`, `totalVenda`, `Cliente_codCliente`) VALUES (2, DEFAULT, 34.45, DEFAULT);
INSERT INTO `trabbd7_ex2`.`NotaVenda` (`nroVenda`, `dataVenda`, `totalVenda`, `Cliente_codCliente`) VALUES (3, DEFAULT, 249.98, DEFAULT);
INSERT INTO `trabbd7_ex2`.`NotaVenda` (`nroVenda`, `dataVenda`, `totalVenda`, `Cliente_codCliente`) VALUES (4, DEFAULT, 604.52, DEFAULT);
INSERT INTO `trabbd7_ex2`.`NotaVenda` (`nroVenda`, `dataVenda`, `totalVenda`, `Cliente_codCliente`) VALUES (5, DEFAULT, 329.97, DEFAULT);
INSERT INTO `trabbd7_ex2`.`NotaVenda` (`nroVenda`, `dataVenda`, `totalVenda`, `Cliente_codCliente`) VALUES (6, DEFAULT, 19.95, DEFAULT);
INSERT INTO `trabbd7_ex2`.`NotaVenda` (`nroVenda`, `dataVenda`, `totalVenda`, `Cliente_codCliente`) VALUES (7, DEFAULT, 49.9, DEFAULT);
INSERT INTO `trabbd7_ex2`.`NotaVenda` (`nroVenda`, `dataVenda`, `totalVenda`, `Cliente_codCliente`) VALUES (8, DEFAULT, 13.98, DEFAULT);
INSERT INTO `trabbd7_ex2`.`NotaVenda` (`nroVenda`, `dataVenda`, `totalVenda`, `Cliente_codCliente`) VALUES (9, DEFAULT, 25.99, DEFAULT);
INSERT INTO `trabbd7_ex2`.`NotaVenda` (`nroVenda`, `dataVenda`, `totalVenda`, `Cliente_codCliente`) VALUES (10, DEFAULT, 5500, DEFAULT);

COMMIT;

