-- MySQL Script generated by MySQL Workbench
-- Mon Apr  5 20:15:59 2021
-- Model: New Model    Version: 1.0
-- MySQL Workbench Forward Engineering

SET @OLD_UNIQUE_CHECKS=@@UNIQUE_CHECKS, UNIQUE_CHECKS=0;
SET @OLD_FOREIGN_KEY_CHECKS=@@FOREIGN_KEY_CHECKS, FOREIGN_KEY_CHECKS=0;
SET @OLD_SQL_MODE=@@SQL_MODE, SQL_MODE='ONLY_FULL_GROUP_BY,STRICT_TRANS_TABLES,NO_ZERO_IN_DATE,NO_ZERO_DATE,ERROR_FOR_DIVISION_BY_ZERO,NO_ENGINE_SUBSTITUTION';

-- -----------------------------------------------------
-- Schema mydb
-- -----------------------------------------------------

-- -----------------------------------------------------
-- Schema mydb
-- -----------------------------------------------------
CREATE SCHEMA IF NOT EXISTS `mydb` DEFAULT CHARACTER SET utf8 ;
USE `mydb` ;

-- -----------------------------------------------------
-- Table `mydb`.`Produto`
-- -----------------------------------------------------
CREATE TABLE IF NOT EXISTS `mydb`.`Produto` (
  `codPro` INT NOT NULL AUTO_INCREMENT,
  `nomePro` VARCHAR(45) NOT NULL,
  `precoVenda` FLOAT NOT NULL,
  `precoCusto` FLOAT NOT NULL,
  PRIMARY KEY (`codPro`),
  UNIQUE INDEX `idProduto_UNIQUE` (`codPro` ASC) VISIBLE)
ENGINE = InnoDB;


-- -----------------------------------------------------
-- Table `mydb`.`ItemCompra`
-- -----------------------------------------------------
CREATE TABLE IF NOT EXISTS `mydb`.`ItemCompra` (
  `nroCompra` INT NOT NULL AUTO_INCREMENT,
  `quantidadeCompra` INT NOT NULL,
  `valorCompra` FLOAT NOT NULL,
  `Produto_codPro` INT NOT NULL,
  PRIMARY KEY (`nroCompra`),
  UNIQUE INDEX `nroCompra_UNIQUE` (`nroCompra` ASC) VISIBLE,
  INDEX `fk_ItemCompra_Produto_idx` (`Produto_codPro` ASC) VISIBLE,
  CONSTRAINT `fk_ItemCompra_Produto`
    FOREIGN KEY (`Produto_codPro`)
    REFERENCES `mydb`.`Produto` (`codPro`)
    ON DELETE NO ACTION
    ON UPDATE NO ACTION)
ENGINE = InnoDB;


-- -----------------------------------------------------
-- Table `mydb`.`Cliente`
-- -----------------------------------------------------
CREATE TABLE IF NOT EXISTS `mydb`.`Cliente` (
  `codCliente` INT NOT NULL AUTO_INCREMENT,
  `nomeCliente` VARCHAR(45) NOT NULL,
  PRIMARY KEY (`codCliente`),
  UNIQUE INDEX `codCliente_UNIQUE` (`codCliente` ASC) VISIBLE)
ENGINE = InnoDB;


-- -----------------------------------------------------
-- Table `mydb`.`NotaVenda`
-- -----------------------------------------------------
CREATE TABLE IF NOT EXISTS `mydb`.`NotaVenda` (
  `nroVenda` INT NOT NULL AUTO_INCREMENT,
  `dataVenda` DATE NOT NULL,
  `Cliente_codCliente` INT NOT NULL,
  INDEX `fk_NotaVenda_Cliente1_idx` (`Cliente_codCliente` ASC) VISIBLE,
  PRIMARY KEY (`nroVenda`),
  UNIQUE INDEX `idNotaVenda_UNIQUE` (`nroVenda` ASC) VISIBLE,
  CONSTRAINT `fk_NotaVenda_Cliente1`
    FOREIGN KEY (`Cliente_codCliente`)
    REFERENCES `mydb`.`Cliente` (`codCliente`)
    ON DELETE NO ACTION
    ON UPDATE NO ACTION)
ENGINE = InnoDB;


-- -----------------------------------------------------
-- Table `mydb`.`ItemVenda`
-- -----------------------------------------------------
CREATE TABLE IF NOT EXISTS `mydb`.`ItemVenda` (
  `idItemVenda` INT NOT NULL AUTO_INCREMENT,
  `quantidadeVenda` INT NOT NULL,
  `valorVenda` FLOAT NOT NULL,
  `Produto_codPro` INT NOT NULL,
  `NotaVenda_nroVenda` INT NOT NULL,
  PRIMARY KEY (`idItemVenda`),
  UNIQUE INDEX `nroVenda_UNIQUE` (`idItemVenda` ASC) VISIBLE,
  INDEX `fk_ItemVenda_Produto1_idx` (`Produto_codPro` ASC) VISIBLE,
  INDEX `fk_ItemVenda_NotaVenda1_idx` (`NotaVenda_nroVenda` ASC) VISIBLE,
  CONSTRAINT `fk_ItemVenda_Produto1`
    FOREIGN KEY (`Produto_codPro`)
    REFERENCES `mydb`.`Produto` (`codPro`)
    ON DELETE NO ACTION
    ON UPDATE NO ACTION,
  CONSTRAINT `fk_ItemVenda_NotaVenda1`
    FOREIGN KEY (`NotaVenda_nroVenda`)
    REFERENCES `mydb`.`NotaVenda` (`nroVenda`)
    ON DELETE NO ACTION
    ON UPDATE NO ACTION)
ENGINE = InnoDB;


SET SQL_MODE=@OLD_SQL_MODE;
SET FOREIGN_KEY_CHECKS=@OLD_FOREIGN_KEY_CHECKS;
SET UNIQUE_CHECKS=@OLD_UNIQUE_CHECKS;

-- -----------------------------------------------------
-- Data for table `mydb`.`ItemCompra`
-- -----------------------------------------------------
START TRANSACTION;
USE `mydb`;
INSERT INTO `mydb`.`ItemCompra` (`nroCompra`, `quantidadeCompra`, `valorCompra`, `Produto_codPro`) VALUES (1, 2000, 9980, 2);
INSERT INTO `mydb`.`ItemCompra` (`nroCompra`, `quantidadeCompra`, `valorCompra`, `Produto_codPro`) VALUES (2, 5000, 14950, 7);
INSERT INTO `mydb`.`ItemCompra` (`nroCompra`, `quantidadeCompra`, `valorCompra`, `Produto_codPro`) VALUES (3, 2000, 11980, 1);
INSERT INTO `mydb`.`ItemCompra` (`nroCompra`, `quantidadeCompra`, `valorCompra`, `Produto_codPro`) VALUES (4, 100, 550000, 10);
INSERT INTO `mydb`.`ItemCompra` (`nroCompra`, `quantidadeCompra`, `valorCompra`, `Produto_codPro`) VALUES (5, 200, 19998, 3);
INSERT INTO `mydb`.`ItemCompra` (`nroCompra`, `quantidadeCompra`, `valorCompra`, `Produto_codPro`) VALUES (6, 3000, 5970, 6);
INSERT INTO `mydb`.`ItemCompra` (`nroCompra`, `quantidadeCompra`, `valorCompra`, `Produto_codPro`) VALUES (7, 500, 49395, 5);
INSERT INTO `mydb`.`ItemCompra` (`nroCompra`, `quantidadeCompra`, `valorCompra`, `Produto_codPro`) VALUES (8, 1000, 3990, 8);
INSERT INTO `mydb`.`ItemCompra` (`nroCompra`, `quantidadeCompra`, `valorCompra`, `Produto_codPro`) VALUES (9, 600, 12594, 9);
INSERT INTO `mydb`.`ItemCompra` (`nroCompra`, `quantidadeCompra`, `valorCompra`, `Produto_codPro`) VALUES (10, 1000, 16590, 4);
INSERT INTO `mydb`.`ItemCompra` (`nroCompra`, `quantidadeCompra`, `valorCompra`, `Produto_codPro`) VALUES (11, 1000, 5990, 1);
INSERT INTO `mydb`.`ItemCompra` (`nroCompra`, `quantidadeCompra`, `valorCompra`, `Produto_codPro`) VALUES (12, 1000, 4990, 2);
INSERT INTO `mydb`.`ItemCompra` (`nroCompra`, `quantidadeCompra`, `valorCompra`, `Produto_codPro`) VALUES (13, 1000, 1990, 6);
INSERT INTO `mydb`.`ItemCompra` (`nroCompra`, `quantidadeCompra`, `valorCompra`, `Produto_codPro`) VALUES (14, 1000, 2990, 7);
INSERT INTO `mydb`.`ItemCompra` (`nroCompra`, `quantidadeCompra`, `valorCompra`, `Produto_codPro`) VALUES (15, 1000, 3990, 8);

COMMIT;


-- -----------------------------------------------------
-- Data for table `mydb`.`NotaVenda`
-- -----------------------------------------------------
START TRANSACTION;
USE `mydb`;
INSERT INTO `mydb`.`NotaVenda` (`nroVenda`, `dataVenda`, `Cliente_codCliente`) VALUES (1, '2021-10-20', 1);
INSERT INTO `mydb`.`NotaVenda` (`nroVenda`, `dataVenda`, `Cliente_codCliente`) VALUES (2, '2021-07-17', 2);
INSERT INTO `mydb`.`NotaVenda` (`nroVenda`, `dataVenda`, `Cliente_codCliente`) VALUES (3, '2021-04-01', 3);
INSERT INTO `mydb`.`NotaVenda` (`nroVenda`, `dataVenda`, `Cliente_codCliente`) VALUES (4, '2020-02-20', 4);
INSERT INTO `mydb`.`NotaVenda` (`nroVenda`, `dataVenda`, `Cliente_codCliente`) VALUES (5, '2020-06-10', 5);
INSERT INTO `mydb`.`NotaVenda` (`nroVenda`, `dataVenda`, `Cliente_codCliente`) VALUES (6, '2021-03-24', 1);
INSERT INTO `mydb`.`NotaVenda` (`nroVenda`, `dataVenda`, `Cliente_codCliente`) VALUES (7, '2020-11-25', 2);
INSERT INTO `mydb`.`NotaVenda` (`nroVenda`, `dataVenda`, `Cliente_codCliente`) VALUES (8, '2021-12-03', 3);
INSERT INTO `mydb`.`NotaVenda` (`nroVenda`, `dataVenda`, `Cliente_codCliente`) VALUES (9, '2021-02-13', 2);
INSERT INTO `mydb`.`NotaVenda` (`nroVenda`, `dataVenda`, `Cliente_codCliente`) VALUES (10, '2021-02-13', 3);

COMMIT;


-- -----------------------------------------------------
-- Data for table `mydb`.`ItemVenda`
-- -----------------------------------------------------
START TRANSACTION;
USE `mydb`;
INSERT INTO `mydb`.`ItemVenda` (`idItemVenda`, `quantidadeVenda`, `valorVenda`, `Produto_codPro`, `NotaVenda_nroVenda`) VALUES (1, 5, 39.95, 1, 1);
INSERT INTO `mydb`.`ItemVenda` (`idItemVenda`, `quantidadeVenda`, `valorVenda`, `Produto_codPro`, `NotaVenda_nroVenda`) VALUES (2, 2, 13.78, 2, 2);
INSERT INTO `mydb`.`ItemVenda` (`idItemVenda`, `quantidadeVenda`, `valorVenda`, `Produto_codPro`, `NotaVenda_nroVenda`) VALUES (3, 1, 124.99, 3, 3);
INSERT INTO `mydb`.`ItemVenda` (`idItemVenda`, `quantidadeVenda`, `valorVenda`, `Produto_codPro`, `NotaVenda_nroVenda`) VALUES (4, 8, 172.72, 4, 4);
INSERT INTO `mydb`.`ItemVenda` (`idItemVenda`, `quantidadeVenda`, `valorVenda`, `Produto_codPro`, `NotaVenda_nroVenda`) VALUES (5, 2, 219.98, 5, 5);
INSERT INTO `mydb`.`ItemVenda` (`idItemVenda`, `quantidadeVenda`, `valorVenda`, `Produto_codPro`, `NotaVenda_nroVenda`) VALUES (6, 5, 19.95, 6, 6);
INSERT INTO `mydb`.`ItemVenda` (`idItemVenda`, `quantidadeVenda`, `valorVenda`, `Produto_codPro`, `NotaVenda_nroVenda`) VALUES (7, 10, 49.90, 7, 7);
INSERT INTO `mydb`.`ItemVenda` (`idItemVenda`, `quantidadeVenda`, `valorVenda`, `Produto_codPro`, `NotaVenda_nroVenda`) VALUES (8, 2, 13.98, 8, 8);
INSERT INTO `mydb`.`ItemVenda` (`idItemVenda`, `quantidadeVenda`, `valorVenda`, `Produto_codPro`, `NotaVenda_nroVenda`) VALUES (9, 1, 25.99, 9, 9);
INSERT INTO `mydb`.`ItemVenda` (`idItemVenda`, `quantidadeVenda`, `valorVenda`, `Produto_codPro`, `NotaVenda_nroVenda`) VALUES (10, 1, 5500, 10, 10);
INSERT INTO `mydb`.`ItemVenda` (`idItemVenda`, `quantidadeVenda`, `valorVenda`, `Produto_codPro`, `NotaVenda_nroVenda`) VALUES (11, 7, 55.93, 1, 1);
INSERT INTO `mydb`.`ItemVenda` (`idItemVenda`, `quantidadeVenda`, `valorVenda`, `Produto_codPro`, `NotaVenda_nroVenda`) VALUES (12, 3, 20.67, 2, 2);
INSERT INTO `mydb`.`ItemVenda` (`idItemVenda`, `quantidadeVenda`, `valorVenda`, `Produto_codPro`, `NotaVenda_nroVenda`) VALUES (13, 1, 124.99, 3, 3);
INSERT INTO `mydb`.`ItemVenda` (`idItemVenda`, `quantidadeVenda`, `valorVenda`, `Produto_codPro`, `NotaVenda_nroVenda`) VALUES (14, 20, 431.8, 4, 4);
INSERT INTO `mydb`.`ItemVenda` (`idItemVenda`, `quantidadeVenda`, `valorVenda`, `Produto_codPro`, `NotaVenda_nroVenda`) VALUES (15, 1, 109.99, 5, 5);

COMMIT;

